{"_wandb":{"runtime":311},"gujrati/loss":4.187152862548828,"_step":3205,"kannada/loss":4.589473247528076,"_runtime":302.085105847,"metrics/data_load_time_ms":1.2692737579345703,"malyalam/loss":4.242516994476318,"metrics/test_tokens_per_second":176525.16877816102,"_timestamp":1.7415599479187663e+09,"lr":6.23454080504374e-05,"marathi/loss":4.276266574859619,"loss/iter":5.579949617385864,"mfu":15.55162532748428,"hindi/loss":3.769619464874267,"iter":1300,"metrics/train_tokens_per_second":56963.07756911938,"odia/loss":16.492624282836914,"metrics/param_update_time_ms":14.208781719207764}