{"_runtime":146.30990064,"iter":1200,"marathi/loss":4.299620151519775,"metrics/param_update_time_ms":14.221227169036863,"loss/iter":4.062800109386444,"_wandb":{"runtime":157},"odia/loss":16.391189575195312,"kannada/loss":4.663647174835205,"metrics/test_tokens_per_second":175810.00995338097,"mfu":15.550268706365028,"_step":1796,"hindi/loss":3.805630922317505,"metrics/data_load_time_ms":1.5029525756835938,"metrics/train_tokens_per_second":56963.81667034949,"gujrati/loss":4.2800726890563965,"malyalam/loss":4.296077728271484,"lr":6e-05,"_timestamp":1.7415467445119212e+09}