{"metrics/param_update_time_ms":14.221227169036865,"metrics/data_load_time_ms":1.5029525756835938,"mfu":15.550268706365028,"metrics/train_tokens_per_second":56963.81667034949,"_runtime":10540.583088673,"hindi/loss":3.805630922317505,"_step":1749,"lr":6e-05,"metrics/test_tokens_per_second":175810.00995338097,"marathi/loss":4.299620151519775,"iter":1200,"_wandb":{"runtime":10563},"malyalam/loss":4.296077728271484,"loss/iter":4.239451289176941,"odia/loss":16.391189575195312,"gujrati/loss":4.2800726890563965,"kannada/loss":4.663647174835205,"_timestamp":1.741545656837765e+09}