{"malyalam/loss":4.50556755065918,"iter":2800,"hindi/loss":4.053825855255127,"odia/loss":16.768007278442383,"_wandb":{"runtime":24625},"mfu":15.548281437205274,"_runtime":24612.517754346,"lr":0.0005530844690653186,"metrics/data_load_time_ms":1.5358400344848633,"marathi/loss":4.581091403961182,"gujrati/loss":4.4517998695373535,"kannada/loss":4.865772724151611,"loss/iter":4.560523331165314,"_timestamp":1.7415178770860646e+09,"_step":2828,"metrics/train_tokens_per_second":56954.02717980328,"metrics/param_update_time_ms":14.22041654586792,"metrics/test_tokens_per_second":178288.00504152675}