{"marathi/loss":4.276266574859619,"_runtime":12039.003488766,"odia/loss":16.492624282836914,"metrics/data_load_time_ms":1.2692737579345703,"metrics/param_update_time_ms":14.208781719207764,"iter":1300,"kannada/loss":4.589473247528076,"mfu":15.551625327484281,"_wandb":{"runtime":12050},"metrics/train_tokens_per_second":56963.07756911938,"hindi/loss":3.7696194648742676,"loss/iter":4.216155409812927,"_step":3171,"lr":6.23454080504374e-05,"malyalam/loss":4.242516994476318,"gujrati/loss":4.187152862548828,"_timestamp":1.741558899914253e+09,"metrics/test_tokens_per_second":176525.16877816102}