{"_runtime":90.433218106,"_step":7,"_wandb":{"runtime":109},"loss/iter":10.713612735271454,"_timestamp":1.7414902120683398e+09}