{"gujrati/loss":4.605991840362549,"metrics/data_load_time_ms":1.3735389709472656,"odia/loss":16.755630493164062,"marathi/loss":4.650323390960693,"malyalam/loss":4.627645969390869,"hindi/loss":4.204312801361084,"_timestamp":1.7414888748975437e+09,"kannada/loss":4.9637451171875,"_step":2322,"metrics/test_tokens_per_second":137022.08940821464,"lr":0.0005932305362890923,"loss/iter":4.630985409021378,"metrics/train_tokens_per_second":47235.89664815715,"metrics/param_update_time_ms":11.30983829498291,"_runtime":24287.966671055,"_wandb":{"runtime":24300},"mfu":12.90372633540559,"iter":2300}