{"_runtime":21.741274837,"_step":1,"_wandb":{"runtime":36},"loss/iter":10.966293811798096,"_timestamp":1.7414906331667418e+09}