{"malyalam/loss":10.516154289245605,"iter":10,"_runtime":129.191936602,"_wandb":{"runtime":131},"lr":3.2983508245877057e-06,"metrics/test_tokens_per_second":132166.17541156246,"loss/iter":10.560242235660553,"marathi/loss":10.58218765258789,"mfu":12.901324290744801,"kannada/loss":10.51585865020752,"metrics/param_update_time_ms":62.607479095458984,"gujrati/loss":10.61374282836914,"_timestamp":1.7414645501894236e+09,"metrics/data_load_time_ms":1.2969207763671875,"metrics/train_tokens_per_second":47213.65984477945,"odia/loss":10.859707832336426,"hindi/loss":10.738131523132324,"_step":11}