{"metrics/data_load_time_ms":1.297914981842041,"_timestamp":1.741463647513243e+09,"iter":10,"malyalam/loss":10.516160011291504,"kannada/loss":10.515870094299316,"hindi/loss":10.738173484802246,"metrics/train_tokens_per_second":47231.61881958563,"odia/loss":10.859599113464355,"marathi/loss":10.582233428955078,"metrics/param_update_time_ms":62.59257793426514,"mfu":12.899792780408259,"_wandb":{"runtime":145},"_step":0,"gujrati/loss":10.613751411437988,"_runtime":108.702707264,"lr":3.2983508245877057e-06,"metrics/test_tokens_per_second":131664.85139283948}