{"odia/loss":10.916889190673828,"metrics/data_load_time_ms":2.821016311645508,"_wandb":{"runtime":29},"lr":2.998500749625187e-07,"hindi/loss":10.959060668945312,"metrics/test_tokens_per_second":136534.0040543911,"_step":0,"gujrati/loss":10.975654602050781,"_runtime":8.597500447,"metrics/train_tokens_per_second":0,"marathi/loss":10.99695873260498,"mfu":-100,"malyalam/loss":10.987095832824707,"iter":0,"_timestamp":1.741462575420067e+09,"metrics/param_update_time_ms":0,"kannada/loss":10.966553688049316}