{"mfu":15.54775135010692,"_wandb":{"runtime":1827},"marathi/loss":4.335635662078857,"metrics/data_load_time_ms":1.494290828704834,"gujrati/loss":4.295795440673828,"hindi/loss":3.936253786087036,"_timestamp":1.7415348235558624e+09,"_step":537,"odia/loss":16.629732131958008,"metrics/train_tokens_per_second":56949.71166593811,"metrics/test_tokens_per_second":163628.85423279714,"malyalam/loss":4.341559886932373,"iter":200,"kannada/loss":4.674012184143066,"lr":6e-05,"metrics/param_update_time_ms":14.223241806030273,"_runtime":1823.082853659,"loss/iter":4.385797530412674}