{"hindi/loss":10.959060668945312,"malyalam/loss":10.987095832824707,"metrics/data_load_time_ms":7.204306125640869,"metrics/param_update_time_ms":0,"_wandb":{"runtime":29},"_step":0,"odia/loss":10.916889190673828,"metrics/test_tokens_per_second":133862.70688389594,"mfu":-100,"marathi/loss":10.99695873260498,"kannada/loss":10.966553688049316,"iter":0,"lr":2.998500749625187e-07,"gujrati/loss":10.975654602050781,"metrics/train_tokens_per_second":0,"_runtime":8.734038406,"_timestamp":1.7414629010359573e+09}