{"odia/loss":10.918526649475098,"_step":0,"metrics/param_update_time_ms":0,"_runtime":6.8537811810000004,"kannada/loss":10.967354774475098,"gujrati/loss":10.976078987121582,"metrics/data_load_time_ms":1.081550121307373,"iter":0,"hindi/loss":10.956817626953125,"_wandb":{"runtime":60},"lr":2.998500749625187e-07,"mfu":-100,"metrics/train_tokens_per_second":0,"_timestamp":1.7414624240502121e+09,"metrics/test_tokens_per_second":134382.0194685628,"marathi/loss":10.9970121383667,"malyalam/loss":10.99069881439209}