{"metrics/test_tokens_per_second":137462.78275322623,"_wandb":{"runtime":12},"iter":0,"metrics/train_tokens_per_second":0,"metrics/param_update_time_ms":0,"metrics/data_load_time_ms":5.607151985168457,"odia/loss":10.915060997009277,"gujrati/loss":10.974766731262207,"_runtime":9.337824864,"_step":0,"_timestamp":1.741462529476199e+09,"malyalam/loss":10.985156059265137,"kannada/loss":10.964961051940918,"lr":2.998500749625187e-07,"hindi/loss":10.956585884094238,"mfu":-100,"marathi/loss":10.988207817077637}