{"metrics/data_load_time_ms":1.6476106643676758,"_timestamp":1.741493034994488e+09,"_wandb":{"runtime":2368},"metrics/train_tokens_per_second":56938.84037840142,"gujrati/loss":7.507805347442627,"mfu":15.544203070888637,"hindi/loss":7.355093002319336,"loss/iter":7.3383209109306335,"metrics/test_tokens_per_second":162765.68137476756,"metrics/param_update_time_ms":14.22804594039917,"iter":200,"_runtime":2357.929714539,"lr":6.026986506746626e-05,"odia/loss":11.75475788116455,"malyalam/loss":8.023014068603516,"_step":268,"marathi/loss":7.930574417114258,"kannada/loss":8.01518726348877}