{"malyalam/loss":4.296077728271484,"loss/iter":4.188329726457596,"iter":1200,"metrics/train_tokens_per_second":56963.81667034949,"_wandb":{"runtime":279},"_step":1780,"odia/loss":16.391189575195312,"hindi/loss":3.805630922317505,"metrics/param_update_time_ms":14.221227169036863,"gujrati/loss":4.2800726890563965,"metrics/data_load_time_ms":1.5029525756835938,"metrics/test_tokens_per_second":175810.00995338097,"lr":6e-05,"_timestamp":1.7415463772905083e+09,"_runtime":276.244450639,"mfu":15.550268706365028,"kannada/loss":4.663647174835205,"marathi/loss":4.299620151519775}