{"iter":1200,"metrics/data_load_time_ms":1.2629890441894531,"kannada/loss":4.600351810455322,"_wandb":{"runtime":11327},"metrics/param_update_time_ms":14.210474491119385,"mfu":15.551359911379548,"metrics/train_tokens_per_second":56971.19734624594,"marathi/loss":4.254898548126221,"malyalam/loss":4.2134599685668945,"_step":4497,"loss/iter":4.232882559299469,"_timestamp":1.741571473613903e+09,"metrics/test_tokens_per_second":176437.0932555059,"_runtime":11312.33226006,"odia/loss":16.554418563842773,"gujrati/loss":4.167596340179443,"lr":6e-05,"hindi/loss":3.7592155933380127}