{"_runtime":94.878413613,"_step":8,"loss/iter":10.654053390026093,"_wandb":{"runtime":104},"_timestamp":1.7414900666393583e+09}